{
  "images" : [
    {
      "size" : "20x20",
      "idiom" : "iphone",
      "filename" : "6C66D419-C71E-4F0E-9CAD-4D21055DC8CC 7@2x.png",
      "scale" : "2x"
    },
    {
      "size" : "20x20",
      "idiom" : "iphone",
      "filename" : "6C66D419-C71E-4F0E-9CAD-4D21055DC8CC 7@3x.png",
      "scale" : "3x"
    },
    {
      "size" : "29x29",
      "idiom" : "iphone",
      "filename" : "6C66D419-C71E-4F0E-9CAD-4D21055DC8CC 6.png",
      "scale" : "1x"
    },
    {
      "size" : "29x29",
      "idiom" : "iphone",
      "filename" : "6C66D419-C71E-4F0E-9CAD-4D21055DC8CC 6@2x.png",
      "scale" : "2x"
    },
    {
      "size" : "29x29",
      "idiom" : "iphone",
      "filename" : "6C66D419-C71E-4F0E-9CAD-4D21055DC8CC 6@3x.png",
      "scale" : "3x"
    },
    {
      "size" : "40x40",
      "idiom" : "iphone",
      "filename" : "6C66D419-C71E-4F0E-9CAD-4D21055DC8CC 5@2x.png",
      "scale" : "2x"
    },
    {
      "size" : "40x40",
      "idiom" : "iphone",
      "filename" : "6C66D419-C71E-4F0E-9CAD-4D21055DC8CC 5@3x.png",
      "scale" : "3x"
    },
    {
      "size" : "60x60",
      "idiom" : "iphone",
      "filename" : "6C66D419-C71E-4F0E-9CAD-4D21055DC8CC 4@2x.png",
      "scale" : "2x"
    },
    {
      "size" : "60x60",
      "idiom" : "iphone",
      "filename" : "6C66D419-C71E-4F0E-9CAD-4D21055DC8CC 4@3x.png",
      "scale" : "3x"
    },
    {
      "idiom" : "ipad",
      "size" : "20x20",
      "scale" : "1x"
    },
    {
      "idiom" : "ipad",
      "size" : "20x20",
      "scale" : "2x"
    },
    {
      "idiom" : "ipad",
      "size" : "29x29",
      "scale" : "1x"
    },
    {
      "idiom" : "ipad",
      "size" : "29x29",
      "scale" : "2x"
    },
    {
      "idiom" : "ipad",
      "size" : "40x40",
      "scale" : "1x"
    },
    {
      "idiom" : "ipad",
      "size" : "40x40",
      "scale" : "2x"
    },
    {
      "idiom" : "ipad",
      "size" : "76x76",
      "scale" : "1x"
    },
    {
      "idiom" : "ipad",
      "size" : "76x76",
      "scale" : "2x"
    },
    {
      "idiom" : "ipad",
      "size" : "83.5x83.5",
      "scale" : "2x"
    },
    {
      "size" : "1024x1024",
      "idiom" : "ios-marketing",
      "filename" : "6C66D419-C71E-4F0E-9CAD-4D21055DC8CC 1.png",
      "scale" : "1x"
    },
    {
      "idiom" : "universal",
      "filename" : "6C66D419-C71E-4F0E-9CAD-4D21055DC8CC 1@2x.png",
      "scale" : "2x"
    },
    {
      "idiom" : "universal",
      "filename" : "6C66D419-C71E-4F0E-9CAD-4D21055DC8CC 2.png",
      "unassigned" : true,
      "scale" : "1x"
    },
    {
      "idiom" : "universal",
      "filename" : "6C66D419-C71E-4F0E-9CAD-4D21055DC8CC 3.png",
      "unassigned" : true,
      "scale" : "1x"
    },
    {
      "idiom" : "universal",
      "filename" : "6C66D419-C71E-4F0E-9CAD-4D21055DC8CC 7.png",
      "unassigned" : true,
      "scale" : "1x"
    },
    {
      "idiom" : "universal",
      "filename" : "6C66D419-C71E-4F0E-9CAD-4D21055DC8CC 2@3x.png",
      "unassigned" : true,
      "scale" : "3x"
    },
    {
      "idiom" : "universal",
      "filename" : "6C66D419-C71E-4F0E-9CAD-4D21055DC8CC 3@3x.png",
      "unassigned" : true,
      "scale" : "3x"
    }
  ],
  "info" : {
    "version" : 1,
    "author" : "xcode"
  }
}